epoch,train_loss,val_miou,elapsed_seconds,steps,complete_epoch
1,1.341541372680664,0.6427168238403721,442.9423104000016,1250,True
2,0.9986128472805024,0.6314576350038128,855.7838655000014,1250,True
3,0.9227698624134064,0.7177384097956783,1269.7053016999998,1250,True
4,0.8915715492248535,0.6980407554812538,1717.4940387000024,1250,True
5,0.8615485948324203,0.6891748471571282,1758.3760417000012,100,False
6,0.8150352476119995,0.7359417740788352,473.6865303999948,1250,True
7,0.7949293090820313,0.7375649868823946,922.3622302000003,1250,True
8,0.7788074460029603,0.7429851730553112,1447.9123256999956,1250,True
9,0.7667629021644592,0.755411249370539,1913.015674299997,1250,True
10,0.7576958939552307,0.753985744030137,2334.517274400001,1250,True
11,0.7462900171756744,0.7565866509248313,2782.6955039999957,1250,True
12,0.7453913598299027,0.7695532136267378,3200.510964199995,1250,True
13,0.7317239616015186,0.7686224081217883,3557.6500780999995,1095,False
14,0.7290847923278808,0.7627830219886151,425.5522436999963,1250,True
15,0.7278964743852615,0.7638080325071526,829.3293015000017,1250,True
16,0.7189947119951248,0.7660237197193045,1233.2043908999985,1250,True
17,0.7089846314191818,0.7704123558124933,1639.1650606999974,1250,True
18,0.705770881485939,0.7691723608266522,2044.0731897000005,1250,True
19,0.6968266666173935,0.7689374983469002,2447.9934455999974,1250,True
20,0.6997148176431656,0.7770806006911106,2851.0092178999985,1250,True
21,0.6993679814815521,0.7840434559660951,3266.7091502999974,1250,True
22,0.6941267908148121,0.7755556473501719,3557.606171499996,902,False
23,0.6844060503482818,0.7773541380113655,461.3502787000034,1250,True
24,0.6815026157855988,0.7785143681193663,876.1180120000063,1250,True
25,0.676382908463478,0.7802345504530744,1309.437202400004,1250,True
26,0.6682320061445236,0.7828539493856955,1728.013193400002,1250,True
27,0.663216026353836,0.7775161846184717,2141.3288586000053,1250,True
28,0.6565595506191254,0.7759025763650782,2689.6807584000053,1250,True
29,0.6625367912769318,0.7839429059179854,3161.028863899999,1250,True
30,0.6559577795121039,0.7825192813599751,3558.1871229000026,1012,False
